{
  "credit": "Made with Blockbench",
  "texture_size": [
    16,
    32
  ],
  "elements": [
    {
      "from": [
        1,
        0,
        1
      ],
      "to": [
        15,
        3,
        15
      ],
      "rotation": {
        "angle": 0,
        "axis": "y",
        "origin": [
          8,
          0,
          8
        ]
      },
      "faces": {
        "north": {
          "uv": [
            0,
            14.5,
            14,
            16
          ],
          "texture": "#0"
        },
        "east": {
          "uv": [
            0,
            14.5,
            14,
            16
          ],
          "texture": "#0"
        },
        "south": {
          "uv": [
            0,
            14.5,
            14,
            16
          ],
          "texture": "#0"
        },
        "west": {
          "uv": [
            0,
            14.5,
            14,
            16
          ],
          "texture": "#0"
        },
        "up": {
          "uv": [
            0,
            7.5,
            14,
            14.5
          ],
          "rotation": 180,
          "texture": "#0"
        },
        "down": {
          "uv": [
            0,
            15.5,
            1,
            16
          ],
          "rotation": 180,
          "texture": "#0"
        }
      }
    },
    {
      "from": [
        14,
        3,
        1
      ],
      "to": [
        15,
        4,
        15
      ],
      "rotation": {
        "angle": 0,
        "axis": "y",
        "origin": [
          8,
          0,
          8
        ]
      },
      "faces": {
        "north": {
          "uv": [
            0,
            11.5,
            1,
            12
          ],
          "texture": "#0"
        },
        "east": {
          "uv": [
            0,
            11.5,
            14,
            12
          ],
          "texture": "#0"
        },
        "south": {
          "uv": [
            0,
            11.5,
            1,
            12
          ],
          "texture": "#0"
        },
        "west": {
          "uv": [
            0,
            11.5,
            14,
            12
          ],
          "texture": "#0"
        },
        "up": {
          "uv": [
            0,
            7.5,
            1,
            14.5
          ],
          "rotation": 180,
          "texture": "#0"
        },
        "down": {
          "uv": [
            0,
            7.5,
            1,
            14.5
          ],
          "rotation": 180,
          "texture": "#0"
        }
      }
    },
    {
      "from": [
        1,
        3,
        1
      ],
      "to": [
        2,
        4,
        15
      ],
      "rotation": {
        "angle": 0,
        "axis": "y",
        "origin": [
          8,
          0,
          8
        ]
      },
      "faces": {
        "north": {
          "uv": [
            0,
            11.5,
            1,
            12
          ],
          "texture": "#0"
        },
        "east": {
          "uv": [
            0,
            11.5,
            14,
            12
          ],
          "texture": "#0"
        },
        "south": {
          "uv": [
            0,
            11.5,
            1,
            12
          ],
          "texture": "#0"
        },
        "west": {
          "uv": [
            0,
            11.5,
            14,
            12
          ],
          "texture": "#0"
        },
        "up": {
          "uv": [
            0,
            7.5,
            1,
            14.5
          ],
          "rotation": 180,
          "texture": "#0"
        },
        "down": {
          "uv": [
            0,
            7.5,
            1,
            14.5
          ],
          "rotation": 180,
          "texture": "#0"
        }
      }
    },
    {
      "from": [
        2,
        3,
        6
      ],
      "to": [
        14,
        4,
        15
      ],
      "rotation": {
        "angle": 0,
        "axis": "y",
        "origin": [
          8,
          0,
          8
        ]
      },
      "faces": {
        "north": {
          "uv": [
            1,
            11.5,
            13,
            12
          ],
          "texture": "#0"
        },
        "east": {
          "uv": [
            0,
            11.5,
            9,
            12
          ],
          "texture": "#0"
        },
        "south": {
          "uv": [
            1,
            11.5,
            13,
            12
          ],
          "texture": "#0"
        },
        "west": {
          "uv": [
            0,
            11.5,
            9,
            12
          ],
          "texture": "#0"
        },
        "up": {
          "uv": [
            1,
            7.5,
            13,
            12
          ],
          "rotation": 180,
          "texture": "#0"
        },
        "down": {
          "uv": [
            1,
            7.5,
            13,
            12
          ],
          "rotation": 180,
          "texture": "#0"
        }
      }
    }
  ],
  "groups": [
    {
      "name": "group",
      "origin": [
        8,
        8,
        8
      ],
      "children": [
        0,
        1,
        2,
        3
      ]
    }
  ]
}