{
	"credit": "Made with Blockbench",
	"ambientocclusion": false,
	"textures": {
		"particle": "block/floorlights_on",
		"texture": "block/floorlights_on"
	},
	"elements": [
		{
			"from": [7, 0, 7],
			"to": [9, 11, 9],
			"rotation": {"angle": 0, "axis": "y", "origin": [7, 0, 7]},
			"faces": {
				"north": {"uv": [2, 1, 4, 12], "texture": "#texture"},
				"east": {"uv": [1, 1, 3, 12], "texture": "#texture"},
				"south": {"uv": [2, 1, 4, 12], "texture": "#texture"},
				"west": {"uv": [1, 1, 3, 12], "texture": "#texture"},
				"up": {"uv": [0, 0, 2, 2], "texture": "#texture"},
				"down": {"uv": [2, 10, 4, 12], "texture": "#texture"}
			}
		},
		{
			"from": [5, 6, 5],
			"to": [11, 12, 11],
			"rotation": {"angle": 0, "axis": "y", "origin": [5, 6, 5]},
			"faces": {
				"north": {"uv": [4, 0, 10, 6], "texture": "#texture"},
				"east": {"uv": [4, 0, 10, 6], "texture": "#texture"},
				"south": {"uv": [4, 0, 10, 6], "texture": "#texture"},
				"west": {"uv": [4, 0, 10, 6], "texture": "#texture"},
				"up": {"uv": [4, 0, 10, 6], "texture": "#texture"},
				"down": {"uv": [4, 0, 10, 6], "texture": "#texture"}
			}
		}
	]
}