{
	"credit": "Made with Blockbench",
	"texture_size": [12, 18],
	"textures": {
		"1": "item/diamond_horse_armor"
	},
	"elements": [
		{
			"from": [5, 3, 5],
			"to": [11, 6, 11],
			"rotation": {"angle": 0, "axis": "y", "origin": [5, 0, 5]},
			"faces": {
				"north": {"uv": [0, 5.33333, 8, 8], "texture": "#1"},
				"east": {"uv": [0, 5.33333, 8, 8], "texture": "#1"},
				"south": {"uv": [0, 5.33333, 8, 8], "texture": "#1"},
				"west": {"uv": [0, 5.33333, 8, 8], "texture": "#1"},
				"up": {"uv": [0, 0, 8, 5.33333], "texture": "#1"},
				"down": {"uv": [0, 0, 8, 5.33333], "texture": "#1"}
			}
		},
		{
			"from": [5, 0, 5],
			"to": [11, 3, 11],
			"rotation": {"angle": 0, "axis": "y", "origin": [5, -3, 5]},
			"faces": {
				"north": {"uv": [0, 13.33333, 8, 16], "texture": "#1"},
				"east": {"uv": [0, 13.33333, 8, 16], "texture": "#1"},
				"south": {"uv": [0, 13.33333, 8, 16], "texture": "#1"},
				"west": {"uv": [0, 13.33333, 8, 16], "texture": "#1"},
				"up": {"uv": [0, 0, 8, 5.33333], "texture": "#1"},
				"down": {"uv": [0, 0, 8, 5.33333], "texture": "#1"}
			}
		},
		{
			"from": [7, 6, 7],
			"to": [9, 8, 9],
			"rotation": {"angle": 0, "axis": "y", "origin": [7, 6, 7]},
			"faces": {
				"north": {"uv": [10.66667, 0, 13.33333, 1.77778], "texture": "#1"},
				"east": {"uv": [10.66667, 0, 13.33333, 1.77778], "texture": "#1"},
				"south": {"uv": [10.66667, 0, 13.33333, 1.77778], "texture": "#1"},
				"west": {"uv": [10.66667, 0, 13.33333, 1.77778], "texture": "#1"},
				"up": {"uv": [10.66667, 1.77778, 13.33333, 3.55556], "texture": "#1"},
				"down": {"uv": [10.66667, 1.77778, 13.33333, 3.55556], "texture": "#1"}
			}
		},
		{
			"from": [5, 8, 5],
			"to": [7, 10, 11],
			"rotation": {"angle": 0, "axis": "y", "origin": [6, 8, 5]},
			"faces": {
				"north": {"uv": [13.33333, 0, 16, 1.77778], "texture": "#1"},
				"east": {"uv": [8, 0, 16, 1.77778], "texture": "#1"},
				"south": {"uv": [8, 0, 10.66667, 1.77778], "texture": "#1"},
				"west": {"uv": [8, 0, 16, 1.77778], "texture": "#1"},
				"up": {"uv": [8, 0, 10.66667, 5.33333], "texture": "#1"},
				"down": {"uv": [10.66667, 0, 13.33333, 5.33333], "texture": "#1"}
			}
		},
		{
			"from": [7, 8, 5],
			"to": [9, 10, 11],
			"rotation": {"angle": 0, "axis": "y", "origin": [8, 8, 5]},
			"faces": {
				"north": {"uv": [10.66667, 0, 13.33333, 1.77778], "texture": "#1"},
				"east": {"uv": [8, 0, 16, 1.77778], "texture": "#1"},
				"south": {"uv": [10.66667, 0, 13.33333, 1.77778], "texture": "#1"},
				"west": {"uv": [8, 0, 16, 1.77778], "texture": "#1"},
				"up": {"uv": [10.66667, 0, 13.33333, 5.33333], "texture": "#1"},
				"down": {"uv": [10.66667, 0, 13.33333, 5.33333], "texture": "#1"}
			}
		},
		{
			"from": [9, 8, 5],
			"to": [11, 10, 11],
			"rotation": {"angle": 0, "axis": "y", "origin": [10, 8, 5]},
			"faces": {
				"north": {"uv": [13.33333, 0, 16, 1.77778], "texture": "#1"},
				"east": {"uv": [8, 0, 16, 1.77778], "texture": "#1"},
				"south": {"uv": [13.33333, 0, 16, 1.77778], "texture": "#1"},
				"west": {"uv": [8, 0, 16, 1.77778], "texture": "#1"},
				"up": {"uv": [13.33333, 0, 16, 5.33333], "texture": "#1"},
				"down": {"uv": [10.66667, 0, 13.33333, 5.33333], "texture": "#1"}
			}
		}
	],
	"display": {
		"thirdperson_righthand": {
			"rotation": [-90, 0, 0],
			"translation": [0, -2, -2.25],
			"scale": [0.8, 0.8, 0.8]
		},
		"thirdperson_lefthand": {
			"rotation": [-90, 0, 0],
			"translation": [0, -2, -2.25],
			"scale": [0.8, 0.8, 0.8]
		},
		"firstperson_righthand": {
			"rotation": [-80, 0, 0],
			"translation": [0, 2, 0.75],
			"scale": [0.66, 0.66, 0.66]
		},
		"firstperson_lefthand": {
			"rotation": [-80, 0, 0],
			"translation": [0, 2, 0.75],
			"scale": [0.66, 0.66, 0.66]
		},
		"ground": {
			"translation": [0, 4.5, 0],
			"scale": [0.66, 0.66, 0.66]
		},
		"gui": {
			"rotation": [30, -135, 0],
			"translation": [0, 3, 0],
			"scale": [1.2, 1.2, 1.2]
		},
		"head": {
			"translation": [0, 8.25, -0.25]
		},
		"fixed": {
			"translation": [0, 3.25, 0]
		}
	}
}