{
	"credit": "Made with Blockbench",
	"parent": "minecraft:item/generated",
	"textures": {
		"layer0": "item/golden_horse_armor"
	},
	"display": {
		"thirdperson_righthand": {
			"rotation": [0, -90, 45],
			"translation": [0, 1.75, -0.75]
		},
		"thirdperson_lefthand": {
			"rotation": [0, 90, -45],
			"translation": [0, 1.75, -0.75]
		},
		"firstperson_righthand": {
			"rotation": [0, -90, 45],
			"translation": [1, 2, 0.75]
		},
		"firstperson_lefthand": {
			"rotation": [0, 90, -45],
			"translation": [1, 2, 0.75]
		},
		"ground": {
			"translation": [0, 2, 0],
			"scale": [0.5, 0.5, 0.5]
		},
		"head": {
			"rotation": [29, 0, -45],
			"translation": [0, 1, 2.5]
		}
	}
}